100,Gaylene,Irmine,Gaylene.Irmine@yopmail.com,Gaylene.Irmine@gmail.com,firefighter,1
101,Christian,My,Christian.My@yopmail.com,Christian.My@gmail.com,firefighter,2
102,Lonnie,Edee,Lonnie.Edee@yopmail.com,Lonnie.Edee@gmail.com,doctor,3
103,Aurore,Thornburg,Aurore.Thornburg@yopmail.com,Aurore.Thornburg@gmail.com,firefighter,4
104,Ardys,Tillford,Ardys.Tillford@yopmail.com,Ardys.Tillford@gmail.com,doctor,5
105,Imojean,Rosette,Imojean.Rosette@yopmail.com,Imojean.Rosette@gmail.com,developer,6
106,Brana,Greyson,Brana.Greyson@yopmail.com,Brana.Greyson@gmail.com,police officer,7
107,Merrie,Latini,Merrie.Latini@yopmail.com,Merrie.Latini@gmail.com,doctor,8
108,June,Mallon,June.Mallon@yopmail.com,June.Mallon@gmail.com,developer,9
109,Iseabal,Stevy,Iseabal.Stevy@yopmail.com,Iseabal.Stevy@gmail.com,firefighter,10
110,Allyce,Esmaria,Allyce.Esmaria@yopmail.com,Allyce.Esmaria@gmail.com,firefighter,11
111,Regina,Katrine,Regina.Katrine@yopmail.com,Regina.Katrine@gmail.com,developer,12
112,Carilyn,Brodench,Carilyn.Brodench@yopmail.com,Carilyn.Brodench@gmail.com,developer,13
113,Tobe,Forrer,Tobe.Forrer@yopmail.com,Tobe.Forrer@gmail.com,worker,14
114,Yetty,Oster,Yetty.Oster@yopmail.com,Yetty.Oster@gmail.com,police officer,15
115,Kristina,Lane,Kristina.Lane@yopmail.com,Kristina.Lane@gmail.com,firefighter,16
116,Meg,Tyson,Meg.Tyson@yopmail.com,Meg.Tyson@gmail.com,firefighter,17
117,Charmaine,Freddi,Charmaine.Freddi@yopmail.com,Charmaine.Freddi@gmail.com,worker,18
118,Hyacinthe,Letsou,Hyacinthe.Letsou@yopmail.com,Hyacinthe.Letsou@gmail.com,developer,19
119,Lacie,Anton,Lacie.Anton@yopmail.com,Lacie.Anton@gmail.com,doctor,20
120,Rori,Blake,Rori.Blake@yopmail.com,Rori.Blake@gmail.com,worker,21
121,Danny,Ephrem,Danny.Ephrem@yopmail.com,Danny.Ephrem@gmail.com,worker,22
122,Marita,Anastatius,Marita.Anastatius@yopmail.com,Marita.Anastatius@gmail.com,police officer,23
123,Alleen,Dahlia,Alleen.Dahlia@yopmail.com,Alleen.Dahlia@gmail.com,doctor,24
124,Krystle,Lane,Krystle.Lane@yopmail.com,Krystle.Lane@gmail.com,firefighter,25
125,Georgetta,Dominy,Georgetta.Dominy@yopmail.com,Georgetta.Dominy@gmail.com,police officer,26
126,Annora,Dielu,Annora.Dielu@yopmail.com,Annora.Dielu@gmail.com,developer,27
127,Cacilie,Amand,Cacilie.Amand@yopmail.com,Cacilie.Amand@gmail.com,firefighter,28
128,Esmeralda,Hylan,Esmeralda.Hylan@yopmail.com,Esmeralda.Hylan@gmail.com,police officer,29
129,Raina,Millda,Raina.Millda@yopmail.com,Raina.Millda@gmail.com,worker,30
130,Jeanna,Hathaway,Jeanna.Hathaway@yopmail.com,Jeanna.Hathaway@gmail.com,firefighter,31
131,Linzy,Raul,Linzy.Raul@yopmail.com,Linzy.Raul@gmail.com,worker,32
132,Shell,Yam,Shell.Yam@yopmail.com,Shell.Yam@gmail.com,police officer,33
133,Sharai,Nea,Sharai.Nea@yopmail.com,Sharai.Nea@gmail.com,worker,34
134,Kara-Lynn,Guthrie,Kara-Lynn.Guthrie@yopmail.com,Kara-Lynn.Guthrie@gmail.com,developer,35
135,Dale,Alejoa,Dale.Alejoa@yopmail.com,Dale.Alejoa@gmail.com,police officer,36
136,Lauryn,Freddi,Lauryn.Freddi@yopmail.com,Lauryn.Freddi@gmail.com,worker,37
137,Jinny,Seessel,Jinny.Seessel@yopmail.com,Jinny.Seessel@gmail.com,firefighter,38
138,Lisette,Pip,Lisette.Pip@yopmail.com,Lisette.Pip@gmail.com,firefighter,39
139,Molli,Stilwell,Molli.Stilwell@yopmail.com,Molli.Stilwell@gmail.com,doctor,40
140,Kristan,Trey,Kristan.Trey@yopmail.com,Kristan.Trey@gmail.com,firefighter,41
141,Tarra,Leifeste,Tarra.Leifeste@yopmail.com,Tarra.Leifeste@gmail.com,developer,42
142,Nataline,Lareena,Nataline.Lareena@yopmail.com,Nataline.Lareena@gmail.com,worker,43
143,Amara,Aurelio,Amara.Aurelio@yopmail.com,Amara.Aurelio@gmail.com,police officer,44
144,Monika,Turne,Monika.Turne@yopmail.com,Monika.Turne@gmail.com,doctor,45
145,Malina,Westphal,Malina.Westphal@yopmail.com,Malina.Westphal@gmail.com,doctor,46
146,Leona,My,Leona.My@yopmail.com,Leona.My@gmail.com,police officer,47
147,Raf,Pattin,Raf.Pattin@yopmail.com,Raf.Pattin@gmail.com,developer,48
148,Jemie,Gahl,Jemie.Gahl@yopmail.com,Jemie.Gahl@gmail.com,firefighter,49
149,Justinn,Cavan,Justinn.Cavan@yopmail.com,Justinn.Cavan@gmail.com,firefighter,50
150,Priscilla,Poppy,Priscilla.Poppy@yopmail.com,Priscilla.Poppy@gmail.com,worker,51
151,Eadie,Alabaster,Eadie.Alabaster@yopmail.com,Eadie.Alabaster@gmail.com,developer,52
152,Chandra,Erich,Chandra.Erich@yopmail.com,Chandra.Erich@gmail.com,firefighter,53
153,Jany,Cressida,Jany.Cressida@yopmail.com,Jany.Cressida@gmail.com,doctor,54
154,Kial,Merat,Kial.Merat@yopmail.com,Kial.Merat@gmail.com,police officer,55
155,Angelique,Remmer,Angelique.Remmer@yopmail.com,Angelique.Remmer@gmail.com,developer,56
156,Nataline,Lamoree,Nataline.Lamoree@yopmail.com,Nataline.Lamoree@gmail.com,firefighter,57
157,Annaliese,Alcott,Annaliese.Alcott@yopmail.com,Annaliese.Alcott@gmail.com,police officer,58
158,Kelly,Winnick,Kelly.Winnick@yopmail.com,Kelly.Winnick@gmail.com,police officer,59
159,Eadie,Maples,Eadie.Maples@yopmail.com,Eadie.Maples@gmail.com,developer,60
160,Madelle,Soneson,Madelle.Soneson@yopmail.com,Madelle.Soneson@gmail.com,worker,61
161,Karlee,Emerson,Karlee.Emerson@yopmail.com,Karlee.Emerson@gmail.com,developer,62
162,Di,Sallyann,Di.Sallyann@yopmail.com,Di.Sallyann@gmail.com,developer,63
163,Camile,Malanie,Camile.Malanie@yopmail.com,Camile.Malanie@gmail.com,worker,64
164,Berta,Schroth,Berta.Schroth@yopmail.com,Berta.Schroth@gmail.com,developer,65
165,Maurene,Roxanna,Maurene.Roxanna@yopmail.com,Maurene.Roxanna@gmail.com,worker,66
166,Rhea,Shanley,Rhea.Shanley@yopmail.com,Rhea.Shanley@gmail.com,firefighter,67
167,Rochette,Wildermuth,Rochette.Wildermuth@yopmail.com,Rochette.Wildermuth@gmail.com,developer,68
168,Berta,Zina,Berta.Zina@yopmail.com,Berta.Zina@gmail.com,doctor,69
169,Claudina,Carvey,Claudina.Carvey@yopmail.com,Claudina.Carvey@gmail.com,firefighter,70
170,Paola,Love,Paola.Love@yopmail.com,Paola.Love@gmail.com,doctor,71
171,Gabriellia,Virgin,Gabriellia.Virgin@yopmail.com,Gabriellia.Virgin@gmail.com,worker,72
172,Ricky,Alcott,Ricky.Alcott@yopmail.com,Ricky.Alcott@gmail.com,worker,73
173,Mariann,Berl,Mariann.Berl@yopmail.com,Mariann.Berl@gmail.com,doctor,74
174,Hildegaard,Adlare,Hildegaard.Adlare@yopmail.com,Hildegaard.Adlare@gmail.com,developer,75
175,Olwen,Kathie,Olwen.Kathie@yopmail.com,Olwen.Kathie@gmail.com,police officer,76
176,Yetty,Teddman,Yetty.Teddman@yopmail.com,Yetty.Teddman@gmail.com,worker,77
177,Josephine,Barney,Josephine.Barney@yopmail.com,Josephine.Barney@gmail.com,police officer,78
178,Darci,Gordon,Darci.Gordon@yopmail.com,Darci.Gordon@gmail.com,doctor,79
179,Merle,Suzetta,Merle.Suzetta@yopmail.com,Merle.Suzetta@gmail.com,police officer,80
180,Pearline,Brenn,Pearline.Brenn@yopmail.com,Pearline.Brenn@gmail.com,developer,81
181,June,Borrell,June.Borrell@yopmail.com,June.Borrell@gmail.com,police officer,82
182,Celene,Jerold,Celene.Jerold@yopmail.com,Celene.Jerold@gmail.com,firefighter,83
183,Sibella,Bow,Sibella.Bow@yopmail.com,Sibella.Bow@gmail.com,doctor,84
184,Vonny,Garlinda,Vonny.Garlinda@yopmail.com,Vonny.Garlinda@gmail.com,developer,85
185,Laure,Alfons,Laure.Alfons@yopmail.com,Laure.Alfons@gmail.com,firefighter,86
186,Kate,Alejoa,Kate.Alejoa@yopmail.com,Kate.Alejoa@gmail.com,firefighter,87
187,Valli,Si,Valli.Si@yopmail.com,Valli.Si@gmail.com,worker,88
188,Bettine,Pillsbury,Bettine.Pillsbury@yopmail.com,Bettine.Pillsbury@gmail.com,police officer,89
189,Bobinette,McClimans,Bobinette.McClimans@yopmail.com,Bobinette.McClimans@gmail.com,police officer,90
190,Ashlee,Linehan,Ashlee.Linehan@yopmail.com,Ashlee.Linehan@gmail.com,developer,91
191,Brietta,Gamaliel,Brietta.Gamaliel@yopmail.com,Brietta.Gamaliel@gmail.com,developer,92
192,Renie,Levey,Renie.Levey@yopmail.com,Renie.Levey@gmail.com,police officer,93
193,Dyann,Manolo,Dyann.Manolo@yopmail.com,Dyann.Manolo@gmail.com,worker,94
194,Elyssa,Wooster,Elyssa.Wooster@yopmail.com,Elyssa.Wooster@gmail.com,doctor,95
195,Nollie,Maryanne,Nollie.Maryanne@yopmail.com,Nollie.Maryanne@gmail.com,doctor,96
196,Sophia,Reinke,Sophia.Reinke@yopmail.com,Sophia.Reinke@gmail.com,developer,97
197,Adore,Salvidor,Adore.Salvidor@yopmail.com,Adore.Salvidor@gmail.com,firefighter,98
198,Cacilie,Sasnett,Cacilie.Sasnett@yopmail.com,Cacilie.Sasnett@gmail.com,worker,99
199,Josephine,Daniele,Josephine.Daniele@yopmail.com,Josephine.Daniele@gmail.com,doctor,100